{"bookmarks":[{"pageid":16,"title":"","x":-8.953033001280584,"y":-127.13306861818431}]}